data_cotacao,produto,regiao,unidade,preco,fonte
2026-06-19,Nanica primeira - atacado,São Paulo (capital),caixa de 22 Kg,60.00,Hortifruti/Cepea (CC BY-NC 4.0)
2026-06-19,Nanica primeira - produtor,Bom Jesus da Lapa,quilograma,1.80,Hortifruti/Cepea (CC BY-NC 4.0)
2026-06-19,Nanica primeira - produtor,Linhares,quilograma,1.73,Hortifruti/Cepea (CC BY-NC 4.0)
2026-06-19,Nanica primeira - produtor,Norte de Minas Gerais,quilograma,1.64,Hortifruti/Cepea (CC BY-NC 4.0)
2026-06-19,Nanica primeira - produtor,Norte de Santa Catarina,quilograma,1.39,Hortifruti/Cepea (CC BY-NC 4.0)
2026-06-19,Nanica primeira - produtor,Vale do Ribeira,quilograma,1.53,Hortifruti/Cepea (CC BY-NC 4.0)
2026-06-19,Prata anã primeira - atacado,São Paulo (capital),Caixa 20 Kg,150.00,Hortifruti/Cepea (CC BY-NC 4.0)
2026-06-19,Prata anã primeira - produtor,Bom Jesus da Lapa,quilograma,2.30,Hortifruti/Cepea (CC BY-NC 4.0)
2026-06-19,Prata anã primeira - produtor,Delfinópolis,quilograma,3.48,Hortifruti/Cepea (CC BY-NC 4.0)
2026-06-19,Prata anã primeira - produtor,Linhares,quilograma,3.48,Hortifruti/Cepea (CC BY-NC 4.0)
2026-06-19,Prata anã primeira - produtor,Norte de Minas Gerais,quilograma,3.35,Hortifruti/Cepea (CC BY-NC 4.0)
2026-06-19,Prata anã primeira - produtor,Vale do São Francisco,quilograma,2.30,Hortifruti/Cepea (CC BY-NC 4.0)
2026-06-19,Prata litoral primeira - atacado,São Paulo (capital),Caixa 20 Kg,75.00,Hortifruti/Cepea (CC BY-NC 4.0)
2026-06-19,Prata litoral primeira - produtor,Norte de Santa Catarina,quilograma,3.00,Hortifruti/Cepea (CC BY-NC 4.0)
2026-06-19,Prata litoral primeira - produtor,Vale do Ribeira,quilograma,2.39,Hortifruti/Cepea (CC BY-NC 4.0)
2026-06-26,Nanica primeira - atacado,Norte de Santa Catarina,quilograma,1.14,Hortifruti/Cepea (CC BY-NC 4.0)
2026-06-26,Nanica primeira - atacado,São Paulo (capital),caixa de 22 Kg,65.00,Hortifruti/Cepea (CC BY-NC 4.0)
2026-06-26,Nanica primeira - produtor,Bom Jesus da Lapa,quilograma,1.80,Hortifruti/Cepea (CC BY-NC 4.0)
2026-06-26,Nanica primeira - produtor,Linhares,quilograma,1.20,Hortifruti/Cepea (CC BY-NC 4.0)
2026-06-26,Nanica primeira - produtor,Norte de Minas Gerais,quilograma,1.63,Hortifruti/Cepea (CC BY-NC 4.0)
2026-06-26,Nanica primeira - produtor,Norte de Santa Catarina,quilograma,1.13,Hortifruti/Cepea (CC BY-NC 4.0)
2026-06-26,Nanica primeira - produtor,Vale do Ribeira,quilograma,1.65,Hortifruti/Cepea (CC BY-NC 4.0)
2026-06-26,Prata anã primeira - atacado,São Paulo (capital),Caixa 20 Kg,105.00,Hortifruti/Cepea (CC BY-NC 4.0)
2026-06-26,Prata anã primeira - produtor,Bom Jesus da Lapa,quilograma,2.37,Hortifruti/Cepea (CC BY-NC 4.0)
2026-06-26,Prata anã primeira - produtor,Delfinópolis,quilograma,3.09,Hortifruti/Cepea (CC BY-NC 4.0)
2026-06-26,Prata anã primeira - produtor,Linhares,quilograma,2.50,Hortifruti/Cepea (CC BY-NC 4.0)
2026-06-26,Prata anã primeira - produtor,Norte de Minas Gerais,quilograma,2.96,Hortifruti/Cepea (CC BY-NC 4.0)
2026-06-26,Prata anã primeira - produtor,Vale do São Francisco,quilograma,2.15,Hortifruti/Cepea (CC BY-NC 4.0)
2026-06-26,Prata litoral primeira - atacado,São Paulo (capital),Caixa 20 Kg,70.00,Hortifruti/Cepea (CC BY-NC 4.0)
2026-06-26,Prata litoral primeira - produtor,Norte de Santa Catarina,quilograma,2.42,Hortifruti/Cepea (CC BY-NC 4.0)
2026-06-26,Prata litoral primeira - produtor,Vale do Ribeira,quilograma,2.56,Hortifruti/Cepea (CC BY-NC 4.0)
2026-07-03,Nanica primeira - atacado,São Paulo (capital),caixa de 22 Kg,52.00,Hortifruti/Cepea (CC BY-NC 4.0)
2026-07-03,Nanica primeira - produtor,Bom Jesus da Lapa,quilograma,1.75,Hortifruti/Cepea (CC BY-NC 4.0)
2026-07-03,Nanica primeira - produtor,Linhares,quilograma,2.00,Hortifruti/Cepea (CC BY-NC 4.0)
2026-07-03,Nanica primeira - produtor,Norte de Minas Gerais,quilograma,1.63,Hortifruti/Cepea (CC BY-NC 4.0)
2026-07-03,Nanica primeira - produtor,Norte de Santa Catarina,quilograma,1.12,Hortifruti/Cepea (CC BY-NC 4.0)
2026-07-03,Nanica primeira - produtor,Vale do Ribeira,quilograma,1.56,Hortifruti/Cepea (CC BY-NC 4.0)
2026-07-03,Prata anã primeira - atacado,São Paulo (capital),Caixa 20 Kg,110.00,Hortifruti/Cepea (CC BY-NC 4.0)
2026-07-03,Prata anã primeira - produtor,Bom Jesus da Lapa,quilograma,1.98,Hortifruti/Cepea (CC BY-NC 4.0)
2026-07-03,Prata anã primeira - produtor,Delfinópolis,quilograma,2.87,Hortifruti/Cepea (CC BY-NC 4.0)
2026-07-03,Prata anã primeira - produtor,Linhares,quilograma,2.90,Hortifruti/Cepea (CC BY-NC 4.0)
2026-07-03,Prata anã primeira - produtor,Norte de Minas Gerais,quilograma,2.45,Hortifruti/Cepea (CC BY-NC 4.0)
2026-07-03,Prata anã primeira - produtor,Vale do São Francisco,quilograma,2.25,Hortifruti/Cepea (CC BY-NC 4.0)
2026-07-03,Prata litoral primeira - atacado,São Paulo (capital),Caixa 20 Kg,62.50,Hortifruti/Cepea (CC BY-NC 4.0)
2026-07-03,Prata litoral primeira - produtor,Bom Jesus da Lapa,quilograma,1.60,Hortifruti/Cepea (CC BY-NC 4.0)
2026-07-03,Prata litoral primeira - produtor,Delfinópolis,quilograma,2.80,Hortifruti/Cepea (CC BY-NC 4.0)
2026-07-03,Prata litoral primeira - produtor,Norte de Santa Catarina,quilograma,2.22,Hortifruti/Cepea (CC BY-NC 4.0)
2026-07-03,Prata litoral primeira - produtor,Vale do Ribeira,quilograma,2.55,Hortifruti/Cepea (CC BY-NC 4.0)
2026-07-10,Nanica primeira - atacado,São Paulo (capital),caixa de 22 Kg,52.50,Hortifruti/Cepea (CC BY-NC 4.0)
2026-07-10,Nanica primeira - produtor,Bom Jesus da Lapa,quilograma,1.72,Hortifruti/Cepea (CC BY-NC 4.0)
2026-07-10,Nanica primeira - produtor,Linhares,quilograma,1.20,Hortifruti/Cepea (CC BY-NC 4.0)
2026-07-10,Nanica primeira - produtor,Norte de Minas Gerais,quilograma,2.00,Hortifruti/Cepea (CC BY-NC 4.0)
2026-07-10,Nanica primeira - produtor,Norte de Santa Catarina,quilograma,1.11,Hortifruti/Cepea (CC BY-NC 4.0)
2026-07-10,Nanica primeira - produtor,Vale do Ribeira,quilograma,1.67,Hortifruti/Cepea (CC BY-NC 4.0)
2026-07-10,Prata anã primeira - atacado,São Paulo (capital),Caixa 20 Kg,110.00,Hortifruti/Cepea (CC BY-NC 4.0)
2026-07-10,Prata anã primeira - produtor,Bom Jesus da Lapa,quilograma,1.91,Hortifruti/Cepea (CC BY-NC 4.0)
2026-07-10,Prata anã primeira - produtor,Delfinópolis,quilograma,2.74,Hortifruti/Cepea (CC BY-NC 4.0)
2026-07-10,Prata anã primeira - produtor,Linhares,quilograma,2.00,Hortifruti/Cepea (CC BY-NC 4.0)
2026-07-10,Prata anã primeira - produtor,Norte de Minas Gerais,quilograma,2.72,Hortifruti/Cepea (CC BY-NC 4.0)
2026-07-10,Prata anã primeira - produtor,Vale do São Francisco,quilograma,1.83,Hortifruti/Cepea (CC BY-NC 4.0)
2026-07-10,Prata litoral primeira - atacado,São Paulo (capital),Caixa 20 Kg,56.67,Hortifruti/Cepea (CC BY-NC 4.0)
2026-07-10,Prata litoral primeira - produtor,Norte de Santa Catarina,quilograma,2.22,Hortifruti/Cepea (CC BY-NC 4.0)
2026-07-10,Prata litoral primeira - produtor,Vale do Ribeira,quilograma,2.41,Hortifruti/Cepea (CC BY-NC 4.0)
2026-07-17,Nanica primeira - atacado,São Paulo (capital),caixa de 22 Kg,53.33,Hortifruti/Cepea (CC BY-NC 4.0)
2026-07-17,Nanica primeira - produtor,Bom Jesus da Lapa,quilograma,2.13,Hortifruti/Cepea (CC BY-NC 4.0)
2026-07-17,Nanica primeira - produtor,Linhares,quilograma,2.40,Hortifruti/Cepea (CC BY-NC 4.0)
2026-07-17,Nanica primeira - produtor,Norte de Minas Gerais,quilograma,2.32,Hortifruti/Cepea (CC BY-NC 4.0)
2026-07-17,Nanica primeira - produtor,Norte de Santa Catarina,quilograma,1.14,Hortifruti/Cepea (CC BY-NC 4.0)
2026-07-17,Nanica primeira - produtor,Vale do Ribeira,quilograma,1.65,Hortifruti/Cepea (CC BY-NC 4.0)
2026-07-17,Prata anã primeira - atacado,São Paulo (capital),Caixa 20 Kg,110.00,Hortifruti/Cepea (CC BY-NC 4.0)
2026-07-17,Prata anã primeira - produtor,Bom Jesus da Lapa,quilograma,1.83,Hortifruti/Cepea (CC BY-NC 4.0)
2026-07-17,Prata anã primeira - produtor,Delfinópolis,quilograma,2.64,Hortifruti/Cepea (CC BY-NC 4.0)
2026-07-17,Prata anã primeira - produtor,Linhares,quilograma,2.80,Hortifruti/Cepea (CC BY-NC 4.0)
2026-07-17,Prata anã primeira - produtor,Norte de Minas Gerais,quilograma,2.55,Hortifruti/Cepea (CC BY-NC 4.0)
2026-07-17,Prata anã primeira - produtor,Vale do São Francisco,quilograma,1.87,Hortifruti/Cepea (CC BY-NC 4.0)
2026-07-17,Prata litoral primeira - atacado,São Paulo (capital),Caixa 20 Kg,60.00,Hortifruti/Cepea (CC BY-NC 4.0)
2026-07-17,Prata litoral primeira - produtor,Norte de Santa Catarina,quilograma,2.15,Hortifruti/Cepea (CC BY-NC 4.0)
2026-07-17,Prata litoral primeira - produtor,Vale do Ribeira,quilograma,2.49,Hortifruti/Cepea (CC BY-NC 4.0)
2026-07-24,Nanica primeira - atacado,São Paulo (capital),caixa de 22 Kg,53.33,Hortifruti/Cepea (CC BY-NC 4.0)
2026-07-24,Nanica primeira - produtor,Bom Jesus da Lapa,quilograma,2.22,Hortifruti/Cepea (CC BY-NC 4.0)
2026-07-24,Nanica primeira - produtor,Linhares,quilograma,2.60,Hortifruti/Cepea (CC BY-NC 4.0)
2026-07-24,Nanica primeira - produtor,Norte de Minas Gerais,quilograma,2.65,Hortifruti/Cepea (CC BY-NC 4.0)
2026-07-24,Nanica primeira - produtor,Norte de Santa Catarina,quilograma,1.24,Hortifruti/Cepea (CC BY-NC 4.0)
2026-07-24,Nanica primeira - produtor,Vale do Ribeira,quilograma,1.92,Hortifruti/Cepea (CC BY-NC 4.0)
2026-07-24,Prata anã primeira - atacado,São Paulo (capital),Caixa 20 Kg,110.00,Hortifruti/Cepea (CC BY-NC 4.0)
2026-07-24,Prata anã primeira - produtor,Bom Jesus da Lapa,quilograma,2.07,Hortifruti/Cepea (CC BY-NC 4.0)
2026-07-24,Prata anã primeira - produtor,Delfinópolis,quilograma,2.87,Hortifruti/Cepea (CC BY-NC 4.0)
2026-07-24,Prata anã primeira - produtor,Linhares,quilograma,2.60,Hortifruti/Cepea (CC BY-NC 4.0)
2026-07-24,Prata anã primeira - produtor,Norte de Minas Gerais,quilograma,2.61,Hortifruti/Cepea (CC BY-NC 4.0)
2026-07-24,Prata anã primeira - produtor,Vale do São Francisco,quilograma,1.65,Hortifruti/Cepea (CC BY-NC 4.0)
2026-07-24,Prata litoral primeira - atacado,São Paulo (capital),Caixa 20 Kg,60.00,Hortifruti/Cepea (CC BY-NC 4.0)
2026-07-24,Prata litoral primeira - produtor,Norte de Santa Catarina,quilograma,2.27,Hortifruti/Cepea (CC BY-NC 4.0)
2026-07-24,Prata litoral primeira - produtor,Vale do Ribeira,quilograma,2.52,Hortifruti/Cepea (CC BY-NC 4.0)
2026-07-31,Nanica primeira - atacado,São Paulo (capital),caixa de 22 Kg,57.50,Hortifruti/Cepea (CC BY-NC 4.0)
2026-07-31,Nanica primeira - produtor,Bom Jesus da Lapa,quilograma,2.40,Hortifruti/Cepea (CC BY-NC 4.0)
2026-07-31,Nanica primeira - produtor,Norte de Minas Gerais,quilograma,2.60,Hortifruti/Cepea (CC BY-NC 4.0)
2026-07-31,Nanica primeira - produtor,Norte de Santa Catarina,quilograma,1.41,Hortifruti/Cepea (CC BY-NC 4.0)
2026-07-31,Nanica primeira - produtor,Vale do Ribeira,quilograma,2.17,Hortifruti/Cepea (CC BY-NC 4.0)
2026-07-31,Prata anã primeira - atacado,São Paulo (capital),Caixa 20 Kg,120.00,Hortifruti/Cepea (CC BY-NC 4.0)
2026-07-31,Prata anã primeira - produtor,Bom Jesus da Lapa,quilograma,2.40,Hortifruti/Cepea (CC BY-NC 4.0)
2026-07-31,Prata anã primeira - produtor,Delfinópolis,quilograma,3.08,Hortifruti/Cepea (CC BY-NC 4.0)
2026-07-31,Prata anã primeira - produtor,Linhares,quilograma,2.80,Hortifruti/Cepea (CC BY-NC 4.0)
2026-07-31,Prata anã primeira - produtor,Norte de Minas Gerais,quilograma,2.97,Hortifruti/Cepea (CC BY-NC 4.0)
2026-07-31,Prata anã primeira - produtor,Vale do São Francisco,quilograma,1.73,Hortifruti/Cepea (CC BY-NC 4.0)
2026-07-31,Prata litoral primeira - atacado,São Paulo (capital),Caixa 20 Kg,68.00,Hortifruti/Cepea (CC BY-NC 4.0)
2026-07-31,Prata litoral primeira - produtor,Bom Jesus da Lapa,quilograma,2.50,Hortifruti/Cepea (CC BY-NC 4.0)
2026-07-31,Prata litoral primeira - produtor,Norte de Santa Catarina,quilograma,2.21,Hortifruti/Cepea (CC BY-NC 4.0)
2026-07-31,Prata litoral primeira - produtor,Vale do Ribeira,quilograma,2.54,Hortifruti/Cepea (CC BY-NC 4.0)
2026-08-07,Nanica primeira - atacado,São Paulo (capital),caixa de 22 Kg,56.67,Hortifruti/Cepea (CC BY-NC 4.0)
2026-08-07,Nanica primeira - produtor,Bom Jesus da Lapa,quilograma,2.40,Hortifruti/Cepea (CC BY-NC 4.0)
2026-08-07,Nanica primeira - produtor,Linhares,quilograma,1.80,Hortifruti/Cepea (CC BY-NC 4.0)
2026-08-07,Nanica primeira - produtor,Norte de Minas Gerais,quilograma,2.38,Hortifruti/Cepea (CC BY-NC 4.0)
2026-08-07,Nanica primeira - produtor,Norte de Santa Catarina,quilograma,1.41,Hortifruti/Cepea (CC BY-NC 4.0)
2026-08-07,Nanica primeira - produtor,Vale do Ribeira,quilograma,1.81,Hortifruti/Cepea (CC BY-NC 4.0)
2026-08-07,Prata anã primeira - atacado,São Paulo (capital),Caixa 20 Kg,116.67,Hortifruti/Cepea (CC BY-NC 4.0)
2026-08-07,Prata anã primeira - produtor,Bom Jesus da Lapa,quilograma,2.66,Hortifruti/Cepea (CC BY-NC 4.0)
2026-08-07,Prata anã primeira - produtor,Delfinópolis,quilograma,2.98,Hortifruti/Cepea (CC BY-NC 4.0)
2026-08-07,Prata anã primeira - produtor,Linhares,quilograma,2.75,Hortifruti/Cepea (CC BY-NC 4.0)
2026-08-07,Prata anã primeira - produtor,Norte de Minas Gerais,quilograma,3.18,Hortifruti/Cepea (CC BY-NC 4.0)
2026-08-07,Prata anã primeira - produtor,Vale do São Francisco,quilograma,1.85,Hortifruti/Cepea (CC BY-NC 4.0)
2026-08-07,Prata litoral primeira - atacado,São Paulo (capital),Caixa 20 Kg,63.33,Hortifruti/Cepea (CC BY-NC 4.0)
2026-08-07,Prata litoral primeira - produtor,Norte de Santa Catarina,quilograma,2.16,Hortifruti/Cepea (CC BY-NC 4.0)
2026-08-07,Prata litoral primeira - produtor,Vale do Ribeira,quilograma,2.42,Hortifruti/Cepea (CC BY-NC 4.0)
