data,ptvs,total_t,prata_t,nanica_t,outras_t,cfo_ptvs,cfo_total_t,cfo_prata_t,cfo_nanica_t,cfo_outras_t
2026-03-06,411,3150.309,1661.119,1455.83,33.36,,,,,
2026-03-07,66,404.771,179.07,225.065,0.636,,,,,
2026-03-09,281,2360.515,1277.564,1025.634,57.317,,,,,
2026-03-10,260,2269.2,1383.925,840.13,45.145,,,,,
2026-03-11,289,2055.971,1004.191,1007.909,43.871,,,,,
2026-03-12,319,2565.942,1357.576,1141.387,66.979,,,,,
2026-03-13,407,3022.42,1694.783,1223.242,104.395,,,,,
2026-03-14,70,427.679,205.16,221.88,0.639,,,,,
2026-03-15,2,15.0,7.0,8.0,0.0,,,,,
2026-03-16,275,2337.559,1299.644,972.685,65.23,,,,,
2026-03-17,243,2129.214,1255.532,853.324,20.358,,,,,
2026-03-18,284,1857.948,884.17,936.584,37.194,,,,,
2026-03-19,276,2320.858,1299.155,949.306,72.397,,,,,
2026-03-20,348,2549.004,1510.84,1011.029,27.135,,,,,
2026-03-21,71,409.248,158.318,247.3,3.63,,,,,
2026-03-23,236,2149.347,1187.148,930.134,32.065,,,,,
2026-03-24,239,2045.504,992.18,843.435,209.889,,,,,
2026-03-25,261,1757.304,916.504,821.721,19.079,,,,,
2026-03-26,247,2142.441,1255.369,819.739,67.333,,,,,
2026-03-27,373,2782.244,1548.004,1198.293,35.947,,,,,
2026-03-28,68,404.868,239.344,164.89,0.634,,,,,
2026-03-29,3,3.795,0.0,0.0,3.795,,,,,
2026-03-30,254,2327.129,1466.595,815.618,44.916,,,,,
2026-03-31,243,2200.279,1336.775,829.365,34.139,,,,,
2026-04-01,300,2055.401,952.63,1072.878,29.893,,,,,
2026-04-02,324,2939.274,1653.654,1273.417,12.203,,,,,
2026-04-03,5,54.0,23.5,30.5,0.0,,,,,
2026-04-04,67,198.846,98.892,86.92,13.034,,,,,
2026-04-06,280,2610.215,1462.646,1066.347,81.222,,,,,
2026-04-07,302,2727.823,1438.407,1247.836,41.58,,,,,
2026-04-08,299,1982.618,1006.713,913.719,62.186,,,,,
2026-04-22,297,1945.066,1001.358,910.259,33.449,,,,,
2026-04-23,258,2359.355,1214.835,1113.4,31.12,,,,,
2026-04-24,361,2668.233,1520.004,1105.834,42.395,,,,,
2026-04-25,62,258.858,168.243,90.09,0.525,,,,,
2026-04-27,247,2256.39,1221.56,1012.41,22.42,,,,,
2026-04-28,220,1989.704,1021.218,950.451,18.035,,,,,
2026-04-29,251,1619.754,981.03,598.851,39.873,,,,,
2026-04-30,442,3699.8,1856.62,1806.546,36.634,,,,,
2026-05-01,30,382.03,240.54,137.59,3.9,,,,,
2026-05-02,64,294.394,175.516,118.34,0.538,,,,,
2026-05-04,260,2184.51,1265.011,847.012,72.487,,,,,
2026-05-05,252,2332.609,1237.202,1047.187,48.22,,,,,
2026-05-06,264,1950.52,883.59,1051.881,15.049,,,,,
2026-05-07,306,2446.464,1076.719,1277.556,92.189,,,,,
2026-05-08,426,3375.27,1955.109,1366.734,53.427,,,,,
2026-05-09,58,328.197,167.802,159.94,0.455,,,,,
2026-05-14,267,2513.439,1136.85,1308.462,68.127,,,,,
2026-05-15,376,2918.297,1572.906,1267.288,78.103,,,,,
2026-05-16,66,345.818,217.41,127.09,1.318,,,,,
2026-05-18,260,2397.84,1200.621,1147.26,49.959,,,,,
2026-05-19,306,2703.005,1240.309,1428.411,34.285,,,,,
2026-05-20,241,1729.846,830.015,871.452,28.379,,,,,
2026-05-21,244,2197.832,1064.544,1106.132,27.156,,,,,
2026-05-22,368,2875.365,1466.699,1388.725,19.941,,,,,
2026-05-23,70,340.529,138.493,201.465,0.571,,,,,
2026-05-25,240,2328.305,1156.714,1128.996,42.595,,,,,
2026-05-26,291,2612.697,1327.525,1230.572,54.6,,,,,
2026-05-27,249,1684.358,859.877,803.176,21.305,,,,,
2026-05-28,198,1708.027,870.844,814.602,22.581,,,,,
2026-05-29,363,2936.247,1569.205,1329.459,37.583,,,,,
2026-05-30,64,263.141,108.71,151.93,2.501,,,,,
2026-06-01,272,2623.845,1443.491,1124.341,56.013,,,,,
2026-06-02,259,2353.874,1124.629,1193.975,35.27,,,,,
2026-06-03,468,3588.576,1982.923,1566.533,39.12,,,,,
2026-06-04,68,586.744,321.594,253.87,11.28,,,,,
2026-06-05,309,2439.375,1303.302,1117.24,18.833,,,,,
2026-06-06,66,358.1,118.653,239.005,0.442,,,,,
2026-06-07,3,30.015,21.765,8.25,0.0,,,,,
2026-06-08,320,2687.296,1358.338,1209.807,119.151,,,,,
2026-06-09,322,2830.869,1588.517,1175.069,67.283,,,,,
2026-06-10,323,2159.767,1270.435,761.857,127.475,,,,,
2026-06-11,314,2874.53,1455.797,1370.219,48.514,,,,,
2026-06-12,309,2014.951,1210.963,776.473,27.515,,,,,
2026-06-13,54,255.505,141.038,114.01,0.457,,,,,
2026-06-14,1,21.0,21.0,0.0,0.0,,,,,
2026-06-15,223,2104.116,1081.821,983.892,38.403,,,,,
2026-06-16,268,2392.395,1261.769,1070.491,60.135,,,,,
2026-06-17,218,1319.059,698.79,584.077,36.192,,,,,
2026-06-18,276,2373.655,1384.278,951.744,37.633,,,,,
2026-06-19,314,2581.007,1531.732,1041.59,7.685,,,,,
2026-06-20,67,361.006,214.404,138.565,8.037,,,,,
2026-06-21,3,22.045,19.0,0.0,3.045,,,,,
2026-06-22,272,2256.322,1234.408,977.989,43.925,,,,,
2026-06-23,292,2603.913,1361.773,1199.44,42.7,,,,,
2026-06-24,170,771.038,524.73,241.561,4.747,,,,,
2026-06-25,293,2706.561,1381.584,1267.261,57.716,,,,,
2026-06-26,373,2652.924,1567.377,1027.769,57.778,,,,,
2026-06-27,67,345.734,232.222,108.73,4.782,,,,,
2026-06-29,218,2107.525,1191.848,906.715,8.962,,,,,
2026-06-30,208,2015.593,1161.363,830.922,23.308,,,,,
2026-07-01,265,1797.573,961.514,816.929,19.13,,,,,
2026-07-02,239,1976.873,1129.424,818.328,29.121,,,,,
2026-07-03,372,3003.379,1756.127,1204.657,42.595,,,,,
2026-07-04,77,362.343,203.098,150.97,8.275,,,,,
2026-07-05,1,19.0,19.0,0.0,0.0,,,,,
2026-07-06,284,2454.464,1458.577,928.778,67.109,,,,,
2026-07-07,290,2300.549,1367.653,895.071,37.825,,,,,
2026-07-08,287,2102.99,1182.327,857.224,63.439,,,,,
2026-07-09,349,2822.661,1492.363,1244.02,86.278,,,,,
2026-07-10,392,3236.181,1884.166,1225.092,126.923,,,,,
2026-07-11,65,358.636,212.945,142.51,3.181,,,,,
2026-07-12,2,24.0,24.0,0.0,0.0,,,,,
2026-07-13,324,2729.08,1604.472,1097.17,27.438,,,,,
2026-07-14,233,2179.613,1243.247,916.211,20.155,,,,,
2026-07-15,261,1823.726,1165.635,624.492,33.599,,,,,
2026-07-16,241,1982.134,1190.887,714.135,77.112,,,,,
2026-07-17,387,2922.592,1689.476,1201.738,31.378,,,,,
2026-07-18,45,183.454,113.158,70.1,0.196,,,,,
2026-07-20,244,2351.13,1219.33,995.25,136.55,188,1904.42,1029.23,830.04,45.15
2026-07-21,240,2480.91,1400.62,920.73,159.56,194,1885.47,1169.28,695.23,20.96
2026-07-22,213,2700.58,1218.05,1057.08,425.45,135,1305.66,713.79,581.59,10.28
2026-07-23,278,2716.35,1485.05,1139.37,91.93,184,1783.31,911.45,839.22,32.64
2026-07-24,339,3895.97,1667.8,1301.53,926.64,232,2238.59,1389.75,802.77,46.07
2026-07-25,39,488.06,392.94,77.04,18.08,16,171.14,94.94,76.2,0.0
2026-07-27,246,2238.14,1198.53,973.05,66.56,186,1848.53,1047.04,774.41,27.08
2026-07-28,214,2050.96,1189.67,837.32,23.97,173,1770.07,1074.8,675.21,20.06
2026-07-29,238,2516.76,1271.48,864.99,380.29,146,1337.21,826.06,501.27,9.88
2026-08-03,303,2379.297,1311.818,943.784,123.695,,,,,
2026-08-04,292,2667.925,1634.675,963.42,69.83,,,,,
2026-08-05,285,1617.712,933.062,665.114,19.536,,,,,
2026-08-06,292,2393.893,1306.977,1026.433,60.483,,,,,
2026-08-07,354,2692.439,1535.7,1053.509,103.23,,,,,
2026-08-08,50,223.651,125.2,95.335,3.116,,,,,
2026-08-10,308,2499.721,1390.081,995.721,113.919,,,,,
2026-08-11,269,2396.795,1346.789,1005.903,44.103,,,,,
2026-08-12,252,1832.101,851.286,965.402,15.413,,,,,
2026-08-13,267,2335.08,1190.637,1099.988,44.455,,,,,
2026-08-14,416,3295.354,1841.691,1395.007,58.656,,,,,
2026-08-15,71,509.821,280.955,224.515,4.351,,,,,
2026-08-16,1,8.0,8.0,0.0,0.0,,,,,
2026-08-17,287,2470.059,1427.511,1008.271,34.277,,,,,
2026-08-18,217,2317.545,1181.179,1118.916,17.45,,,,,
2026-08-19,250,1570.953,844.803,702.311,23.839,,,,,
2026-08-20,277,2578.777,1322.283,1221.171,35.323,,,,,
2026-08-21,386,2900.266,1576.483,1290.823,32.96,,,,,
2026-08-22,54,313.982,149.704,164.124,0.154,,,,,
2026-08-23,2,19.072,19.072,0.0,0.0,,,,,
2026-08-24,250,2458.178,1244.858,1158.472,54.848,,,,,
2026-08-25,257,2514.786,1205.858,1236.808,72.12,,,,,
2026-08-26,297,1905.282,861.185,1006.86,37.237,,,,,
2026-08-27,264,2513.581,1320.581,1165.313,27.687,,,,,
2026-08-28,426,3443.258,1671.519,1704.287,67.452,,,,,
2026-08-29,85,532.383,249.68,279.258,3.445,,,,,
2026-08-31,281,2559.248,1319.599,1208.496,31.153,,,,,
2026-09-01,258,2513.351,1329.797,1155.021,28.533,,,,,
2026-09-02,283,1890.727,993.565,789.143,108.019,,,,,
